{
  "backend": "tgi",
  "config": {
    "iterations": 50,
    "warmup": 10,
    "max_tokens": 100,
    "concurrency": 4
  },
  "statistics": {
    "successful_requests": 50,
    "failed_requests": 0,
    "error_rate_percent": 0.0,
    "total_time_sec": 77.81483654200565,
    "latency_ms": {
      "min": 5802.793374983594,
      "max": 6243.695749988547,
      "mean": 5989.260233300156,
      "median": 5896.421166980872,
      "p50": 5896.421166980872,
      "p90": 6199.193125008605,
      "p95": 6242.045541992411,
      "p99": 6243.695749988547
    },
    "throughput": {
      "requests_per_sec": 0.6425509867004505,
      "tokens_per_sec": 43.217979365472296
    },
    "tokens": {
      "total_generated": 3363,
      "avg_per_request": 67.26
    }
  },
  "raw_latencies": [
    5802.793374983594,
    5806.047250021948,
    5807.978499971796,
    5812.977124995086,
    5950.8682080195285,
    5944.0188750158995,
    5952.889832988149,
    5948.178708000341,
    5816.099083021982,
    5816.043415979948,
    5816.347332991427,
    5818.988915998489,
    6242.045541992411,
    6243.29491701792,
    6243.695749988547,
    6241.2615419889335,
    5861.295666021761,
    5859.6638750168495,
    5866.872832993977,
    5866.817542002536,
    6187.514707999071,
    6194.622167007765,
    6188.390499999514,
    6194.953583995812,
    5834.874291991582,
    5834.949999989476,
    5838.608499994734,
    5838.209666981129,
    5840.909791004378,
    5841.332250012783,
    5841.920500010019,
    5842.074375017546,
    6188.768250023713,
    6193.399582989514,
    6190.304166986607,
    6199.193125008605,
    5840.056082990486,
    5846.391583007062,
    5849.247291014763,
    5847.795625013532,
    6167.610750009771,
    6164.862167002866,
    6168.190625001444,
    6165.255749976495,
    6160.584083001595,
    6164.229874993907,
    6164.203291991726,
    6166.666334000183,
    5896.421166980872,
    5893.293291999726
  ],
  "raw_tokens": [
    75,
    72,
    70,
    41,
    86,
    67,
    76,
    47,
    74,
    45,
    84,
    74,
    70,
    75,
    66,
    88,
    40,
    67,
    66,
    71,
    71,
    77,
    72,
    45,
    89,
    36,
    66,
    73,
    66,
    69,
    79,
    48,
    65,
    65,
    75,
    77,
    66,
    73,
    42,
    70,
    41,
    67,
    83,
    78,
    72,
    74,
    82,
    41,
    72,
    75
  ]
}