{
  "backend": "tgi",
  "config": {
    "iterations": 30,
    "warmup": 10,
    "max_tokens": 100,
    "concurrency": 16
  },
  "statistics": {
    "successful_requests": 30,
    "failed_requests": 0,
    "error_rate_percent": 0.0,
    "total_time_sec": 12.113489542010939,
    "latency_ms": {
      "min": 5905.673000001116,
      "max": 6081.108374986798,
      "mean": 6043.520537567868,
      "median": 6068.650917004561,
      "p50": 6068.650917004561,
      "p90": 6079.07275002799,
      "p95": 6079.718833003426,
      "p99": 6081.108374986798
    },
    "throughput": {
      "requests_per_sec": 2.4765778594150465,
      "tokens_per_sec": 165.60050619955277
    },
    "tokens": {
      "total_generated": 2006,
      "avg_per_request": 66.86666666666666
    }
  },
  "raw_latencies": [
    5991.293833998498,
    6072.890250012279,
    6068.650917004561,
    6071.500082995044,
    6069.444459018996,
    6073.338499991223,
    6075.420999986818,
    6070.40995900752,
    6070.856416976312,
    6073.469583003316,
    6078.26933299657,
    6074.76691599004,
    6079.718833003426,
    6081.108374986798,
    6079.07275002799,
    6078.109875001246,
    5905.673000001116,
    5967.498332989635,
    5970.897332997993,
    6025.400042010006,
    6029.025249998085,
    6031.597499997588,
    6033.389291987987,
    6030.442209012108,
    6036.900292005157,
    6032.121291005751,
    6035.724667017348,
    6037.128374999156,
    6030.645958991954,
    6030.851500021527
  ],
  "raw_tokens": [
    58,
    67,
    45,
    75,
    76,
    72,
    86,
    84,
    61,
    82,
    73,
    74,
    59,
    83,
    38,
    65,
    43,
    72,
    66,
    68,
    79,
    44,
    68,
    71,
    73,
    42,
    82,
    68,
    68,
    64
  ]
}