{
  "backend": "tgi",
  "config": {
    "iterations": 50,
    "warmup": 10,
    "max_tokens": 100,
    "concurrency": 1
  },
  "statistics": {
    "successful_requests": 50,
    "failed_requests": 0,
    "error_rate_percent": 0.0,
    "total_time_sec": 167.41370770899812,
    "latency_ms": {
      "min": 3148.3763750002254,
      "max": 3725.5521250190213,
      "mean": 3348.0785466812085,
      "median": 3324.5839580195025,
      "p50": 3324.5839580195025,
      "p90": 3592.2366669983603,
      "p95": 3673.6630410014186,
      "p99": 3725.5521250190213
    },
    "throughput": {
      "requests_per_sec": 0.29866132638858345,
      "tokens_per_sec": 19.92668369664629
    },
    "tokens": {
      "total_generated": 3336,
      "avg_per_request": 66.72
    }
  },
  "raw_latencies": [
    3331.7945830058306,
    3510.113291005837,
    3289.9287499894854,
    3494.0136249933857,
    3319.245583988959,
    3177.4394169915468,
    3212.591749994317,
    3725.5521250190213,
    3554.127500014147,
    3161.0844579990953,
    3197.063875006279,
    3220.4460829962045,
    3216.7766249913257,
    3419.812334002927,
    3230.6164170149714,
    3188.9825830003247,
    3592.2366669983603,
    3278.277374978643,
    3254.7755419800524,
    3148.3763750002254,
    3168.818625010317,
    3475.0044159882236,
    3256.252624996705,
    3335.027708002599,
    3282.840125000803,
    3459.1902079991996,
    3324.5839580195025,
    3396.345208020648,
    3409.161000017775,
    3158.016333996784,
    3193.0862499866635,
    3609.1351250070147,
    3460.2321250131354,
    3376.1044169950765,
    3449.4221250060946,
    3410.5786670115776,
    3699.3257089925464,
    3295.9828750172164,
    3290.429916989524,
    3278.1262090138625,
    3164.672499988228,
    3239.8327499977313,
    3317.215832998045,
    3673.6630410014186,
    3496.5379999775905,
    3330.2628330129664,
    3368.0185830162372,
    3367.5068330194335,
    3183.7472089973744,
    3411.5511669951957
  ],
  "raw_tokens": [
    84,
    46,
    70,
    73,
    66,
    83,
    51,
    69,
    70,
    61,
    80,
    56,
    75,
    70,
    57,
    81,
    60,
    71,
    71,
    72,
    83,
    44,
    70,
    64,
    72,
    79,
    42,
    67,
    74,
    59,
    83,
    30,
    64,
    68,
    76,
    81,
    45,
    74,
    71,
    69,
    80,
    49,
    69,
    61,
    67,
    71,
    45,
    65,
    73,
    75
  ]
}