{
  "backend": "tgi",
  "config": {
    "iterations": 30,
    "warmup": 10,
    "max_tokens": 100,
    "concurrency": 8
  },
  "statistics": {
    "successful_requests": 30,
    "failed_requests": 0,
    "error_rate_percent": 0.0,
    "total_time_sec": 24.60806916700676,
    "latency_ms": {
      "min": 5899.966584023787,
      "max": 6370.729540998582,
      "mean": 6079.787161234223,
      "median": 6140.57208399754,
      "p50": 6140.57208399754,
      "p90": 6363.636750000296,
      "p95": 6370.542499993462,
      "p99": 6370.729540998582
    },
    "throughput": {
      "requests_per_sec": 1.2191123080969906,
      "tokens_per_sec": 80.58332356521107
    },
    "tokens": {
      "total_generated": 1983,
      "avg_per_request": 66.1
    }
  },
  "raw_latencies": [
    5907.297291996656,
    5901.1467910022475,
    5904.977124999277,
    5904.120207997039,
    5907.649125001626,
    5911.632167000789,
    5910.955624975031,
    5915.106500004185,
    6143.928459001472,
    6141.379834007239,
    6140.57208399754,
    6139.418167003896,
    6147.766041016439,
    6142.679584008874,
    6147.795417025918,
    6146.460833988385,
    5899.966584023787,
    5902.3006669885945,
    5903.437625005608,
    6181.896708003478,
    6180.896584002767,
    6181.841499987058,
    6183.899499999825,
    6183.138500025962,
    6087.164458003826,
    6085.695541987661,
    6085.583124979166,
    6363.636750000296,
    6370.542499993462,
    6370.729540998582
  ],
  "raw_tokens": [
    85,
    76,
    76,
    54,
    74,
    60,
    67,
    57,
    72,
    65,
    65,
    79,
    68,
    70,
    75,
    43,
    69,
    66,
    70,
    50,
    70,
    73,
    46,
    69,
    59,
    73,
    48,
    60,
    70,
    74
  ]
}