{
  "backend": "triton",
  "config": {
    "iterations": 30,
    "warmup": 10,
    "max_tokens": 100,
    "concurrency": 4
  },
  "statistics": {
    "successful_requests": 30,
    "failed_requests": 0,
    "error_rate_percent": 0.0,
    "total_time_sec": 22.017908624984557,
    "latency_ms": {
      "min": 2514.616667001974,
      "max": 3507.7442080073524,
      "mean": 2760.541550000198,
      "median": 2646.452374989167,
      "p50": 2646.452374989167,
      "p90": 3144.1660420096014,
      "p95": 3444.264457997633,
      "p99": 3507.7442080073524
    },
    "throughput": {
      "requests_per_sec": 1.362527227765759,
      "tokens_per_sec": 101.68994876558448
    },
    "tokens": {
      "total_generated": 2239,
      "avg_per_request": 74.63333333333334
    }
  },
  "raw_latencies": [
    3143.3794999902602,
    3144.1660420096014,
    3143.9972079824656,
    3142.439874995034,
    2646.452374989167,
    2646.1412089993246,
    2646.989166009007,
    2648.1871670112014,
    2609.617583017098,
    2608.0580419802573,
    3444.264457997633,
    3507.7442080073524,
    2606.9789999746718,
    2607.040542003233,
    2533.9283750217874,
    2601.4797920070123,
    2848.771000019042,
    2849.176624993561,
    2514.616667001974,
    2516.711458010832,
    2726.5569170122035,
    2728.68970799027,
    2521.3972909841686,
    2530.5663750041276,
    2596.4611250092275,
    2601.622582995333,
    2516.5504579781555,
    2519.14137499989,
    2834.256166999694,
    2830.8642090123612
  ],
  "raw_tokens": [
    76,
    91,
    60,
    75,
    76,
    78,
    52,
    91,
    79,
    48,
    86,
    75,
    81,
    75,
    83,
    69,
    77,
    52,
    73,
    73,
    54,
    89,
    83,
    82,
    93,
    75,
    80,
    58,
    77,
    78
  ]
}