{
  "backend": "triton",
  "config": {
    "iterations": 50,
    "warmup": 10,
    "max_tokens": 100,
    "concurrency": 1
  },
  "statistics": {
    "successful_requests": 37,
    "failed_requests": 13,
    "error_rate_percent": 26.0,
    "total_time_sec": 115.76316504200804,
    "latency_ms": {
      "min": 2432.152290974045,
      "max": 3838.3231250045355,
      "mean": 2743.074563029065,
      "median": 2619.179917004658,
      "p50": 2619.179917004658,
      "p90": 3083.3109999948647,
      "p95": 3526.8167080066632,
      "p99": 3838.3231250045355
    },
    "throughput": {
      "requests_per_sec": 0.3196180752882272,
      "tokens_per_sec": 23.841780751229923
    },
    "tokens": {
      "total_generated": 2760,
      "avg_per_request": 74.5945945945946
    }
  },
  "raw_latencies": [
    3838.3231250045355,
    2466.623082989827,
    2645.692250021966,
    2614.886708994163,
    2562.990707985591,
    2582.1983750211075,
    2847.791167005198,
    2458.2071250188164,
    3046.3171250012238,
    2921.6097500175238,
    3044.2919580091257,
    2971.88762499718,
    3185.8540829853155,
    2568.6747909931,
    2457.4014999961946,
    2619.179917004658,
    3083.3109999948647,
    2560.241707979003,
    2432.152290974045,
    2931.0492920049,
    2504.004917020211,
    2444.9669170135166,
    2544.3527919996995,
    2718.2714589871466,
    2550.1820420031436,
    2690.541916002985,
    2524.320084019564,
    2682.6429170032497,
    2567.3717909958214,
    2615.3999580128584,
    2490.937082999153,
    2953.52645899402,
    2832.800666015828,
    3526.8167080066632,
    2486.2425829924177,
    2663.375125004677,
    2859.3218330061063
  ],
  "raw_tokens": [
    84,
    52,
    77,
    80,
    85,
    85,
    55,
    82,
    70,
    78,
    88,
    53,
    88,
    77,
    69,
    89,
    60,
    85,
    80,
    66,
    89,
    54,
    78,
    73,
    82,
    91,
    54,
    87,
    80,
    64,
    87,
    60,
    85,
    44,
    73,
    78,
    78
  ]
}