{
  "backend": "triton",
  "config": {
    "iterations": 30,
    "warmup": 10,
    "max_tokens": 100,
    "concurrency": 8
  },
  "statistics": {
    "successful_requests": 17,
    "failed_requests": 13,
    "error_rate_percent": 43.333333333333336,
    "total_time_sec": 8.033344333001878,
    "latency_ms": {
      "min": 2555.6993750215042,
      "max": 3144.3372080102563,
      "mean": 2680.9977915939216,
      "median": 2618.998207995901,
      "p50": 2618.998207995901,
      "p90": 2779.74962501321,
      "p95": 3144.3372080102563,
      "p99": 3144.3372080102563
    },
    "throughput": {
      "requests_per_sec": 2.1161796750280075,
      "tokens_per_sec": 161.07861761683773
    },
    "tokens": {
      "total_generated": 1294,
      "avg_per_request": 76.11764705882354
    }
  },
  "raw_latencies": [
    2693.93099998706,
    2691.7860000103246,
    2697.2539169946685,
    2587.7789999940433,
    2597.3777910112403,
    2597.486042010132,
    2590.833041991573,
    2776.595166011248,
    2777.522458025487,
    2779.74962501321,
    2681.5432500152383,
    3144.3372080102563,
    2614.663541986374,
    2618.998207995901,
    2614.428458007751,
    2555.6993750215042,
    2556.978375010658
  ],
  "raw_tokens": [
    77,
    84,
    82,
    80,
    72,
    63,
    55,
    93,
    54,
    80,
    81,
    76,
    76,
    84,
    82,
    63,
    92
  ]
}