{
  "backend": "triton",
  "config": {
    "iterations": 30,
    "warmup": 10,
    "max_tokens": 100,
    "concurrency": 16
  },
  "statistics": {
    "successful_requests": 30,
    "failed_requests": 0,
    "error_rate_percent": 0.0,
    "total_time_sec": 5.608781208982691,
    "latency_ms": {
      "min": 2768.734667013632,
      "max": 2871.0514589911327,
      "mean": 2803.056687634671,
      "median": 2815.748082997743,
      "p50": 2815.748082997743,
      "p90": 2829.0133330156095,
      "p95": 2868.680832994869,
      "p99": 2871.0514589911327
    },
    "throughput": {
      "requests_per_sec": 5.348755617700648,
      "tokens_per_sec": 404.72250840601566
    },
    "tokens": {
      "total_generated": 2270,
      "avg_per_request": 75.66666666666667
    }
  },
  "raw_latencies": [
    2776.554334006505,
    2776.4988339913543,
    2768.734667013632,
    2770.075916982023,
    2777.28991699405,
    2776.0112500109244,
    2779.7798750107177,
    2775.1815829833504,
    2777.4798340105917,
    2774.4713749852963,
    2777.0171250158455,
    2780.92162500252,
    2777.0775409881026,
    2778.5276250215247,
    2871.0514589911327,
    2868.680832994869,
    2815.067958988948,
    2819.1899590019602,
    2819.1246670030523,
    2818.839542014757,
    2815.748082997743,
    2816.5062500047497,
    2818.511999998009,
    2821.344208990922,
    2821.023291995516,
    2820.754416025011,
    2821.66041599703,
    2823.9959169877693,
    2829.0133330156095,
    2825.566792016616
  ],
  "raw_tokens": [
    91,
    54,
    91,
    85,
    80,
    57,
    78,
    72,
    83,
    79,
    85,
    76,
    61,
    78,
    82,
    80,
    87,
    74,
    73,
    73,
    49,
    90,
    87,
    56,
    80,
    74,
    82,
    79,
    61,
    73
  ]
}