{
  "backend": "vllm",
  "config": {
    "iterations": 50,
    "warmup": 10,
    "max_tokens": 100,
    "concurrency": 4
  },
  "statistics": {
    "successful_requests": 50,
    "failed_requests": 0,
    "error_rate_percent": 0.0,
    "total_time_sec": 33.16188400000101,
    "latency_ms": {
      "min": 2365.5215830076486,
      "max": 3000.772290979512,
      "mean": 2555.266999861342,
      "median": 2523.8897500094026,
      "p50": 2523.8897500094026,
      "p90": 2873.963250021916,
      "p95": 3000.0735409848858,
      "p99": 3000.772290979512
    },
    "throughput": {
      "requests_per_sec": 1.5077551082441056,
      "tokens_per_sec": 150.77551082441056
    },
    "tokens": {
      "total_generated": 5000,
      "avg_per_request": 100.0
    }
  },
  "raw_latencies": [
    2402.0902079937514,
    2406.6838750150055,
    2405.670749983983,
    2407.3874999885447,
    2605.581041018013,
    2601.5526250121184,
    2603.0248749884777,
    2603.078042011475,
    2998.7542500020936,
    3000.4445829836186,
    3000.0735409848858,
    3000.772290979512,
    2365.5215830076486,
    2367.4952919827774,
    2371.5627909987234,
    2373.4486249741167,
    2594.5061660022475,
    2598.8416660111398,
    2605.1292909833137,
    2606.5831670130137,
    2510.151666996535,
    2514.5424160000402,
    2518.5297910065856,
    2523.8897500094026,
    2609.1670420137234,
    2615.235041012056,
    2615.9516659972724,
    2610.2118749986403,
    2460.0149170146324,
    2457.7102920156904,
    2461.023500014562,
    2459.365540998988,
    2867.5157079997007,
    2868.5335000045598,
    2870.5870830162894,
    2873.963250021916,
    2372.8981250023935,
    2371.245207992615,
    2372.923291986808,
    2372.15270800516,
    2371.3025839824695,
    2376.2787919840775,
    2378.4820000000764,
    2379.961708007613,
    2538.9076250139624,
    2535.1834169996437,
    2539.2313330085017,
    2535.393541009398,
    2429.6293340157717,
    2435.16512500355
  ],
  "raw_tokens": [
    100,
    100,
    100,
    100,
    100,
    100,
    100,
    100,
    100,
    100,
    100,
    100,
    100,
    100,
    100,
    100,
    100,
    100,
    100,
    100,
    100,
    100,
    100,
    100,
    100,
    100,
    100,
    100,
    100,
    100,
    100,
    100,
    100,
    100,
    100,
    100,
    100,
    100,
    100,
    100,
    100,
    100,
    100,
    100,
    100,
    100,
    100,
    100,
    100,
    100
  ]
}