{
  "backend": "vllm",
  "config": {
    "iterations": 30,
    "warmup": 10,
    "max_tokens": 100,
    "concurrency": 16
  },
  "statistics": {
    "successful_requests": 30,
    "failed_requests": 0,
    "error_rate_percent": 0.0,
    "total_time_sec": 5.350386917009018,
    "latency_ms": {
      "min": 2500.985374994343,
      "max": 2839.5317920076195,
      "mean": 2661.5830959325344,
      "median": 2543.220708001172,
      "p50": 2543.220708001172,
      "p90": 2810.8650830108672,
      "p95": 2814.3929170037154,
      "p99": 2839.5317920076195
    },
    "throughput": {
      "requests_per_sec": 5.607071126880418,
      "tokens_per_sec": 560.7071126880418
    },
    "tokens": {
      "total_generated": 3000,
      "avg_per_request": 100.0
    }
  },
  "raw_latencies": [
    2500.985374994343,
    2529.5098749920726,
    2533.2241669821087,
    2529.5134580228478,
    2532.3307499929797,
    2536.797624983592,
    2531.8694169982336,
    2535.1812090084422,
    2532.3876250186004,
    2534.9530420207884,
    2538.8166249904316,
    2538.660666992655,
    2535.0156250060536,
    2543.220708001172,
    2542.9995830054395,
    2539.675374981016,
    2800.7236669945996,
    2797.6910839788616,
    2798.675459023798,
    2799.878624995472,
    2839.5317920076195,
    2807.1616670058575,
    2805.864374997327,
    2810.8650830108672,
    2807.530958991265,
    2805.286291986704,
    2805.1531660021283,
    2809.6206249902025,
    2809.976040996844,
    2814.3929170037154
  ],
  "raw_tokens": [
    100,
    100,
    100,
    100,
    100,
    100,
    100,
    100,
    100,
    100,
    100,
    100,
    100,
    100,
    100,
    100,
    100,
    100,
    100,
    100,
    100,
    100,
    100,
    100,
    100,
    100,
    100,
    100,
    100,
    100
  ]
}