{
  "backend": "vllm",
  "config": {
    "iterations": 50,
    "warmup": 10,
    "max_tokens": 100,
    "concurrency": 8
  },
  "statistics": {
    "successful_requests": 50,
    "failed_requests": 0,
    "error_rate_percent": 0.0,
    "total_time_sec": 18.10489320900524,
    "latency_ms": {
      "min": 2418.1268750107847,
      "max": 4514.112291013589,
      "mean": 2712.7514241595054,
      "median": 2615.2006250049453,
      "p50": 2615.2006250049453,
      "p90": 3197.12566700764,
      "p95": 3638.0167079914827,
      "p99": 4514.112291013589
    },
    "throughput": {
      "requests_per_sec": 2.7616843370901725,
      "tokens_per_sec": 276.1684337090172
    },
    "tokens": {
      "total_generated": 5000,
      "avg_per_request": 100.0
    }
  },
  "raw_latencies": [
    2418.1268750107847,
    2420.0915840046946,
    2418.761042004917,
    2419.1017919802107,
    2425.154458003817,
    2426.5089579857886,
    2422.980250004912,
    2423.5311249794904,
    2841.0898330039345,
    2848.473040998215,
    2841.247458010912,
    2849.237666989211,
    2842.2712920000777,
    2843.483958975412,
    2848.57641698909,
    2847.7080420125276,
    2440.226958016865,
    2441.158917004941,
    2439.739458000986,
    2498.7307080009487,
    2499.0683750074822,
    2503.2129169849213,
    2501.0477920004632,
    2502.003125002375,
    2462.601832987275,
    2462.815042003058,
    2523.975582997082,
    2465.597333997721,
    2529.1349169856403,
    3196.7057500150986,
    3197.12566700764,
    3330.8726669929456,
    2614.1376250016037,
    2614.2180419992656,
    2619.133000000147,
    2604.5727920136414,
    2591.632458003005,
    3642.819625005359,
    3638.0167079914827,
    2625.9653750166763,
    2630.9612079930957,
    4514.112291013589,
    2806.20987500879,
    2721.668165992014,
    2784.088915999746,
    2620.462958002463,
    2622.8427499881946,
    2615.2006250049453,
    2616.589582990855,
    2624.5783749909606
  ],
  "raw_tokens": [
    100,
    100,
    100,
    100,
    100,
    100,
    100,
    100,
    100,
    100,
    100,
    100,
    100,
    100,
    100,
    100,
    100,
    100,
    100,
    100,
    100,
    100,
    100,
    100,
    100,
    100,
    100,
    100,
    100,
    100,
    100,
    100,
    100,
    100,
    100,
    100,
    100,
    100,
    100,
    100,
    100,
    100,
    100,
    100,
    100,
    100,
    100,
    100,
    100,
    100
  ]
}