{
  "backend": "vllm",
  "config": {
    "iterations": 50,
    "warmup": 10,
    "max_tokens": 100,
    "concurrency": 1
  },
  "statistics": {
    "successful_requests": 50,
    "failed_requests": 0,
    "error_rate_percent": 0.0,
    "total_time_sec": 127.49886487500044,
    "latency_ms": {
      "min": 2295.2234580006916,
      "max": 3668.8769159954973,
      "mean": 2549.849968239432,
      "median": 2514.9894999922253,
      "p50": 2514.9894999922253,
      "p90": 2865.3525410045404,
      "p95": 2942.6373329770286,
      "p99": 3668.8769159954973
    },
    "throughput": {
      "requests_per_sec": 0.39216035412566125,
      "tokens_per_sec": 39.21603541256612
    },
    "tokens": {
      "total_generated": 5000,
      "avg_per_request": 100.0
    }
  },
  "raw_latencies": [
    2308.2877499982715,
    2321.689750009682,
    2319.257333991118,
    2942.6373329770286,
    2606.726708007045,
    2508.824625023408,
    3668.8769159954973,
    2307.7612920023967,
    2295.2234580006916,
    2311.2454999936745,
    2384.222749999026,
    2760.2184169809334,
    2298.0019169917796,
    2946.470875001978,
    2827.246417000424,
    2623.829124990152,
    2514.9894999922253,
    2321.167415997479,
    2391.6554159950465,
    2329.125958000077,
    2600.1652920094784,
    2634.5866250048857,
    2400.7149999961257,
    2314.036166004371,
    2409.068417007802,
    2553.2541669963393,
    2684.449249994941,
    2301.4661660126876,
    2421.161541977199,
    2539.3332079984248,
    2330.071959004272,
    2507.6948330097366,
    2653.5076659929473,
    2345.978625002317,
    2391.2707080016844,
    2430.7187919912394,
    2517.963708000025,
    2719.3402079865336,
    2313.4926670172717,
    2522.2682080056984,
    2501.396332983859,
    2448.7135829986073,
    2691.4632080006413,
    2838.8727090205066,
    2780.9619159961585,
    2937.4114999955054,
    2667.982957995264,
    2865.3525410045404,
    2529.279750015121,
    2653.0622499994934
  ],
  "raw_tokens": [
    100,
    100,
    100,
    100,
    100,
    100,
    100,
    100,
    100,
    100,
    100,
    100,
    100,
    100,
    100,
    100,
    100,
    100,
    100,
    100,
    100,
    100,
    100,
    100,
    100,
    100,
    100,
    100,
    100,
    100,
    100,
    100,
    100,
    100,
    100,
    100,
    100,
    100,
    100,
    100,
    100,
    100,
    100,
    100,
    100,
    100,
    100,
    100,
    100,
    100
  ]
}